Text,Particle,P n,P /100,MB n,MB /100,E n,E /100,P+E /100,Ratio PE:MB
"Isoc., C. soph.",γάρ,1,1.35,13,1.12,1,1.08,1.20,1.07
"Isoc., C. soph.",μέν,2,2.70,25,2.16,2,2.15,2.40,1.11
"Isoc., C. soph.",δέ,2,2.70,36,3.11,2,2.15,2.40,0.77
"Isoc., C. soph.",οὖν,0,0.00,2,0.17,0,0.00,0.00,0.00
"Isoc., C. soph.",καί,2,2.70,53,4.58,4,4.30,3.59,0.78
"Isoc., C. soph.",τε,0,0.00,6,0.52,0,0.00,0.00,0.00
"Isoc., C. soph.",ἀλλά,0,0.00,14,1.21,1,1.08,0.60,0.49
"Isoc., C. soph.",ἤ,0,0.00,6,0.52,1,1.08,0.60,1.15
"Isoc., C. soph.",ἔτι,0,0.00,3,0.26,0,0.00,0.00,0.00
"Isoc., C. soph.",τοίνυν,0,0.00,1,0.09,0,0.00,0.00,0.00
"Isoc., C. soph.",καίτοι,0,0.00,0,0.00,1,1.08,0.60,—
"Isoc., C. soph.",ὥστε,1,1.35,8,0.69,0,0.00,0.60,0.87
"Isoc., C. soph.",ἔπειτα,0,0.00,0,0.00,0,0.00,0.00,—
"Isoc., C. soph.",χωρίς,0,0.00,0,0.00,0,0.00,0.00,—
"Isoc., C. soph.",ἄρα,0,0.00,0,0.00,0,0.00,0.00,—
"Isoc., C. soph.",δή,0,0.00,1,0.09,0,0.00,0.00,0.00
"Isoc., Paneg.",γάρ,5,0.69,107,1.13,9,1.60,1.09,0.97
"Isoc., Paneg.",μέν,14,1.94,206,2.17,12,2.14,2.03,0.94
"Isoc., Paneg.",δέ,16,2.22,305,3.21,19,3.39,2.73,0.85
"Isoc., Paneg.",οὖν,2,0.28,17,0.18,1,0.18,0.23,1.31
"Isoc., Paneg.",καί,32,4.44,428,4.51,25,4.46,4.45,0.99
"Isoc., Paneg.",τε,7,0.97,43,0.45,5,0.89,0.94,2.07
"Isoc., Paneg.",ἀλλά,11,1.53,93,0.98,5,0.89,1.25,1.28
"Isoc., Paneg.",ἤ,4,0.56,56,0.59,8,1.43,0.94,1.59
"Isoc., Paneg.",ἔτι,1,0.14,18,0.19,0,0.00,0.08,0.41
"Isoc., Paneg.",τοίνυν,0,0.00,8,0.08,0,0.00,0.00,0.00
"Isoc., Paneg.",καίτοι,1,0.14,14,0.15,0,0.00,0.08,0.53
"Isoc., Paneg.",ὥστε,6,0.83,43,0.45,1,0.18,0.55,1.21
"Isoc., Paneg.",ἔπειτα,0,0.00,2,0.02,0,0.00,0.00,0.00
"Isoc., Paneg.",χωρίς,0,0.00,3,0.03,0,0.00,0.00,0.00
"Isoc., Paneg.",ἄρα,0,0.00,0,0.00,0,0.00,0.00,—
"Isoc., Paneg.",δή,0,0.00,8,0.08,0,0.00,0.00,0.00
"Isoc., Helen",γάρ,11,1.53,35,1.23,2,1.27,1.48,1.21
"Isoc., Helen",μέν,13,1.81,62,2.17,2,1.27,1.71,0.79
"Isoc., Helen",δέ,20,2.78,102,3.58,5,3.18,2.85,0.80
"Isoc., Helen",οὖν,1,0.14,8,0.28,1,0.64,0.23,0.81
"Isoc., Helen",καί,34,4.72,127,4.45,11,7.01,5.13,1.15
"Isoc., Helen",τε,2,0.28,10,0.35,0,0.00,0.23,0.65
"Isoc., Helen",ἀλλά,5,0.69,34,1.19,1,0.64,0.68,0.57
"Isoc., Helen",ἤ,7,0.97,23,0.81,0,0.00,0.80,0.99
"Isoc., Helen",ἔτι,1,0.14,6,0.21,0,0.00,0.11,0.54
"Isoc., Helen",τοίνυν,0,0.00,0,0.00,0,0.00,0.00,—
"Isoc., Helen",καίτοι,0,0.00,1,0.04,0,0.00,0.00,0.00
"Isoc., Helen",ὥστε,1,0.14,16,0.56,2,1.27,0.34,0.61
"Isoc., Helen",ἔπειτα,0,0.00,0,0.00,0,0.00,0.00,—
"Isoc., Helen",χωρίς,0,0.00,0,0.00,1,0.64,0.11,—
"Isoc., Helen",ἄρα,0,0.00,0,0.00,0,0.00,0.00,—
"Isoc., Helen",δή,0,0.00,3,0.11,0,0.00,0.00,0.00
"Xen., Vect.",γάρ,4,1.10,39,1.18,1,0.58,0.94,0.80
"Xen., Vect.",μέν,9,2.48,53,1.60,4,2.34,2.43,1.52
"Xen., Vect.",δέ,16,4.41,101,3.04,10,5.85,4.87,1.60
"Xen., Vect.",οὖν,0,0.00,7,0.21,0,0.00,0.00,0.00
"Xen., Vect.",καί,20,5.51,200,6.03,13,7.60,6.18,1.03
"Xen., Vect.",τε,4,1.10,32,0.96,0,0.00,0.75,0.78
"Xen., Vect.",ἀλλά,1,0.28,20,0.60,1,0.58,0.37,0.62
"Xen., Vect.",ἤ,5,1.38,45,1.36,1,0.58,1.12,0.83
"Xen., Vect.",ἔτι,1,0.28,8,0.24,2,1.17,0.56,2.33
"Xen., Vect.",τοίνυν,0,0.00,2,0.06,0,0.00,0.00,0.00
"Xen., Vect.",καίτοι,0,0.00,0,0.00,0,0.00,0.00,—
"Xen., Vect.",ὥστε,0,0.00,4,0.12,0,0.00,0.00,0.00
"Xen., Vect.",ἔπειτα,0,0.00,0,0.00,1,0.58,0.19,—
"Xen., Vect.",χωρίς,0,0.00,0,0.00,0,0.00,0.00,—
"Xen., Vect.",ἄρα,0,0.00,0,0.00,0,0.00,0.00,—
"Xen., Vect.",δή,1,0.28,7,0.21,0,0.00,0.19,0.89
"Xen., Eq. mag.",γάρ,16,1.38,52,1.22,3,0.83,1.25,1.02
"Xen., Eq. mag.",μέν,24,2.07,79,1.85,3,0.83,1.78,0.96
"Xen., Eq. mag.",δέ,41,3.53,153,3.59,18,4.99,3.88,1.08
"Xen., Eq. mag.",οὖν,2,0.17,9,0.21,1,0.28,0.20,0.93
"Xen., Eq. mag.",καί,59,5.09,229,5.38,22,6.09,5.33,0.99
"Xen., Eq. mag.",τε,7,0.60,41,0.96,2,0.55,0.59,0.61
"Xen., Eq. mag.",ἀλλά,3,0.26,10,0.23,1,0.28,0.26,1.12
"Xen., Eq. mag.",ἤ,5,0.43,28,0.66,1,0.28,0.39,0.60
"Xen., Eq. mag.",ἔτι,0,0.00,5,0.12,0,0.00,0.00,0.00
"Xen., Eq. mag.",τοίνυν,2,0.17,4,0.09,0,0.00,0.13,1.40
"Xen., Eq. mag.",καίτοι,0,0.00,0,0.00,0,0.00,0.00,—
"Xen., Eq. mag.",ὥστε,1,0.09,9,0.21,0,0.00,0.07,0.31
"Xen., Eq. mag.",ἔπειτα,0,0.00,5,0.12,0,0.00,0.00,0.00
"Xen., Eq. mag.",χωρίς,0,0.00,0,0.00,0,0.00,0.00,—
"Xen., Eq. mag.",ἄρα,0,0.00,1,0.02,0,0.00,0.00,0.00
"Xen., Eq. mag.",δή,1,0.09,5,0.12,0,0.00,0.07,0.56
"Xen., Lac.",γάρ,5,1.26,49,1.20,4,0.90,1.07,0.89
"Xen., Lac.",μέν,10,2.52,79,1.93,8,1.80,2.14,1.10
"Xen., Lac.",δέ,11,2.77,161,3.94,21,4.72,3.80,0.96
"Xen., Lac.",οὖν,1,0.25,13,0.32,1,0.22,0.24,0.75
"Xen., Lac.",καί,24,6.05,228,5.58,23,5.17,5.58,1.00
"Xen., Lac.",τε,4,1.01,12,0.29,0,0.00,0.48,1.62
"Xen., Lac.",ἀλλά,2,0.50,17,0.42,2,0.45,0.48,1.14
"Xen., Lac.",ἤ,3,0.76,29,0.71,2,0.45,0.59,0.84
"Xen., Lac.",ἔτι,0,0.00,7,0.17,3,0.67,0.36,2.08
"Xen., Lac.",τοίνυν,0,0.00,6,0.15,0,0.00,0.00,0.00
"Xen., Lac.",καίτοι,0,0.00,0,0.00,0,0.00,0.00,—
"Xen., Lac.",ὥστε,0,0.00,11,0.27,1,0.22,0.12,0.44
"Xen., Lac.",ἔπειτα,1,0.25,1,0.02,0,0.00,0.12,4.85
"Xen., Lac.",χωρίς,0,0.00,1,0.02,0,0.00,0.00,0.00
"Xen., Lac.",ἄρα,0,0.00,0,0.00,0,0.00,0.00,—
"Xen., Lac.",δή,1,0.25,13,0.32,2,0.45,0.36,1.12
"Gorg., Helen",γάρ,3,0.95,15,1.65,0,0.00,0.80,0.48
"Gorg., Helen",μέν,11,3.49,19,2.09,1,1.64,3.19,1.53
"Gorg., Helen",δέ,22,6.98,37,4.06,1,1.64,6.12,1.51
"Gorg., Helen",οὖν,2,0.63,6,0.66,1,1.64,0.80,1.21
"Gorg., Helen",καί,19,6.03,70,7.68,1,1.64,5.32,0.69
"Gorg., Helen",τε,7,2.22,6,0.66,0,0.00,1.86,2.83
"Gorg., Helen",ἀλλά,0,0.00,5,0.55,0,0.00,0.00,0.00
"Gorg., Helen",ἤ,0,0.00,5,0.55,0,0.00,0.00,0.00
"Gorg., Helen",ἔτι,0,0.00,0,0.00,0,0.00,0.00,—
"Gorg., Helen",τοίνυν,0,0.00,0,0.00,0,0.00,0.00,—
"Gorg., Helen",καίτοι,0,0.00,0,0.00,0,0.00,0.00,—
"Gorg., Helen",ὥστε,0,0.00,2,0.22,0,0.00,0.00,0.00
"Gorg., Helen",ἔπειτα,0,0.00,0,0.00,0,0.00,0.00,—
"Gorg., Helen",χωρίς,0,0.00,0,0.00,0,0.00,0.00,—
"Gorg., Helen",ἄρα,0,0.00,0,0.00,0,0.00,0.00,—
"Gorg., Helen",δή,0,0.00,1,0.11,0,0.00,0.00,0.00
"Hipp., De arte",γάρ,1,0.81,37,1.48,0,0.00,0.51,0.35
"Hipp., De arte",μέν,4,3.23,47,1.88,1,1.41,2.56,1.36
"Hipp., De arte",δέ,4,3.23,72,2.88,0,0.00,2.05,0.71
"Hipp., De arte",οὖν,0,0.00,17,0.68,1,1.41,0.51,0.75
"Hipp., De arte",καί,4,3.23,98,3.92,2,2.82,3.08,0.79
"Hipp., De arte",τε,2,1.61,56,2.24,2,2.82,2.05,0.92
"Hipp., De arte",ἀλλά,2,1.61,19,0.76,1,1.41,1.54,2.03
"Hipp., De arte",ἤ,4,3.23,39,1.56,3,4.23,3.59,2.30
"Hipp., De arte",ἔτι,0,0.00,6,0.24,0,0.00,0.00,0.00
"Hipp., De arte",τοίνυν,0,0.00,4,0.16,0,0.00,0.00,0.00
"Hipp., De arte",καίτοι,0,0.00,2,0.08,0,0.00,0.00,0.00
"Hipp., De arte",ὥστε,0,0.00,5,0.20,0,0.00,0.00,0.00
"Hipp., De arte",ἔπειτα,0,0.00,1,0.04,0,0.00,0.00,0.00
"Hipp., De arte",χωρίς,0,0.00,0,0.00,0,0.00,0.00,—
"Hipp., De arte",ἄρα,0,0.00,0,0.00,0,0.00,0.00,—
"Hipp., De arte",δή,0,0.00,9,0.36,0,0.00,0.00,0.00
"Hipp., Flat.",γάρ,10,3.33,46,1.87,1,1.22,2.88,1.54
"Hipp., Flat.",μέν,8,2.67,45,1.83,1,1.22,2.36,1.29
"Hipp., Flat.",δέ,16,5.33,111,4.52,6,7.32,5.76,1.28
"Hipp., Flat.",οὖν,2,0.67,28,1.14,1,1.22,0.79,0.69
"Hipp., Flat.",καί,9,3.00,108,4.39,3,3.66,3.14,0.71
"Hipp., Flat.",τε,4,1.33,16,0.65,0,0.00,1.05,1.61
"Hipp., Flat.",ἀλλά,1,0.33,9,0.37,0,0.00,0.26,0.71
"Hipp., Flat.",ἤ,1,0.33,18,0.73,0,0.00,0.26,0.36
"Hipp., Flat.",ἔτι,0,0.00,2,0.08,0,0.00,0.00,0.00
"Hipp., Flat.",τοίνυν,0,0.00,2,0.08,0,0.00,0.00,0.00
"Hipp., Flat.",καίτοι,0,0.00,0,0.00,0,0.00,0.00,—
"Hipp., Flat.",ὥστε,0,0.00,3,0.12,0,0.00,0.00,0.00
"Hipp., Flat.",ἔπειτα,0,0.00,1,0.04,0,0.00,0.00,0.00
"Hipp., Flat.",χωρίς,0,0.00,0,0.00,0,0.00,0.00,—
"Hipp., Flat.",ἄρα,1,0.33,1,0.04,0,0.00,0.26,6.43
"Hipp., Flat.",δή,2,0.67,7,0.28,0,0.00,0.52,1.84
"Antisth., Ajax",γάρ,1,1.69,5,1.82,1,0.59,0.88,0.48
"Antisth., Ajax",μέν,2,3.39,7,2.55,2,1.18,1.75,0.69
"Antisth., Ajax",δέ,4,6.78,8,2.92,3,1.78,3.07,1.05
"Antisth., Ajax",οὖν,0,0.00,2,0.73,1,0.59,0.44,0.60
"Antisth., Ajax",καί,2,3.39,9,3.28,12,7.10,6.14,1.87
"Antisth., Ajax",τε,0,0.00,3,1.09,0,0.00,0.00,0.00
"Antisth., Ajax",ἀλλά,0,0.00,2,0.73,7,4.14,3.07,4.21
"Antisth., Ajax",ἤ,0,0.00,0,0.00,4,2.37,1.75,—
"Antisth., Ajax",ἔτι,0,0.00,0,0.00,0,0.00,0.00,—
"Antisth., Ajax",τοίνυν,0,0.00,0,0.00,0,0.00,0.00,—
"Antisth., Ajax",καίτοι,1,1.69,0,0.00,0,0.00,0.44,—
"Antisth., Ajax",ὥστε,0,0.00,0,0.00,0,0.00,0.00,—
"Antisth., Ajax",ἔπειτα,0,0.00,1,0.36,0,0.00,0.00,0.00
"Antisth., Ajax",χωρίς,0,0.00,0,0.00,0,0.00,0.00,—
"Antisth., Ajax",ἄρα,0,0.00,0,0.00,0,0.00,0.00,—
"Antisth., Ajax",δή,0,0.00,0,0.00,0,0.00,0.00,—
"Antisth., Od.",γάρ,2,3.28,9,1.10,0,0.00,1.87,1.70
"Antisth., Od.",μέν,1,1.64,15,1.84,0,0.00,0.93,0.51
"Antisth., Od.",δέ,1,1.64,19,2.33,2,4.35,2.80,1.21
"Antisth., Od.",οὖν,0,0.00,3,0.37,0,0.00,0.00,0.00
"Antisth., Od.",καί,5,8.20,43,5.26,6,13.04,10.28,1.95
"Antisth., Od.",τε,0,0.00,4,0.49,1,2.17,0.93,1.91
"Antisth., Od.",ἀλλά,1,1.64,15,1.84,0,0.00,0.93,0.51
"Antisth., Od.",ἤ,1,1.64,4,0.49,0,0.00,0.93,1.91
"Antisth., Od.",ἔτι,0,0.00,0,0.00,0,0.00,0.00,—
"Antisth., Od.",τοίνυν,0,0.00,0,0.00,0,0.00,0.00,—
"Antisth., Od.",καίτοι,0,0.00,3,0.37,0,0.00,0.00,0.00
"Antisth., Od.",ὥστε,0,0.00,0,0.00,0,0.00,0.00,—
"Antisth., Od.",ἔπειτα,0,0.00,2,0.24,0,0.00,0.00,0.00
"Antisth., Od.",χωρίς,0,0.00,0,0.00,0,0.00,0.00,—
"Antisth., Od.",ἄρα,0,0.00,0,0.00,1,2.17,0.93,—
"Antisth., Od.",δή,0,0.00,1,0.12,0,0.00,0.00,0.00
"Alcidamas, Soph.",γάρ,0,0.00,27,1.36,0,0.00,0.00,0.00
"Alcidamas, Soph.",μέν,1,0.99,41,2.07,1,1.06,1.03,0.50
"Alcidamas, Soph.",δέ,1,0.99,60,3.03,2,2.13,1.54,0.51
"Alcidamas, Soph.",οὖν,0,0.00,4,0.20,1,1.06,0.51,2.54
"Alcidamas, Soph.",καί,10,9.90,127,6.42,8,8.51,9.23,1.44
"Alcidamas, Soph.",τε,0,0.00,8,0.40,1,1.06,0.51,1.27
"Alcidamas, Soph.",ἀλλά,1,0.99,9,0.45,0,0.00,0.51,1.13
"Alcidamas, Soph.",ἤ,1,0.99,13,0.66,3,3.19,2.05,3.12
"Alcidamas, Soph.",ἔτι,0,0.00,5,0.25,1,1.06,0.51,2.03
"Alcidamas, Soph.",τοίνυν,0,0.00,2,0.10,0,0.00,0.00,0.00
"Alcidamas, Soph.",καίτοι,0,0.00,1,0.05,0,0.00,0.00,0.00
"Alcidamas, Soph.",ὥστε,0,0.00,4,0.20,0,0.00,0.00,0.00
"Alcidamas, Soph.",ἔπειτα,0,0.00,2,0.10,0,0.00,0.00,0.00
"Alcidamas, Soph.",χωρίς,0,0.00,3,0.15,0,0.00,0.00,0.00
"Alcidamas, Soph.",ἄρα,0,0.00,2,0.10,0,0.00,0.00,0.00
"Alcidamas, Soph.",δή,0,0.00,1,0.05,0,0.00,0.00,0.00
"""Alcidamas"", Od.",γάρ,0,0.00,8,0.63,1,1.54,0.32,0.52
"""Alcidamas"", Od.",μέν,4,1.65,11,0.87,0,0.00,1.30,1.50
"""Alcidamas"", Od.",δέ,8,3.29,47,3.70,2,3.08,3.25,0.88
"""Alcidamas"", Od.",οὖν,0,0.00,1,0.08,0,0.00,0.00,0.00
"""Alcidamas"", Od.",καί,11,4.53,69,5.44,4,6.15,4.87,0.90
"""Alcidamas"", Od.",τε,3,1.23,26,2.05,0,0.00,0.97,0.48
"""Alcidamas"", Od.",ἀλλά,1,0.41,4,0.32,0,0.00,0.32,1.03
"""Alcidamas"", Od.",ἤ,2,0.82,2,0.16,0,0.00,0.65,4.12
"""Alcidamas"", Od.",ἔτι,0,0.00,1,0.08,0,0.00,0.00,0.00
"""Alcidamas"", Od.",τοίνυν,0,0.00,0,0.00,0,0.00,0.00,—
"""Alcidamas"", Od.",καίτοι,1,0.41,0,0.00,0,0.00,0.32,—
"""Alcidamas"", Od.",ὥστε,1,0.41,5,0.39,1,1.54,0.65,1.65
"""Alcidamas"", Od.",ἔπειτα,0,0.00,0,0.00,0,0.00,0.00,—
"""Alcidamas"", Od.",χωρίς,0,0.00,0,0.00,0,0.00,0.00,—
"""Alcidamas"", Od.",ἄρα,1,0.41,1,0.08,0,0.00,0.32,4.12
"""Alcidamas"", Od.",δή,1,0.41,2,0.16,0,0.00,0.32,2.06
